system,homo,lumo,canonical_orbitals,min_selected_ligand_population,mean_selected_ligand_population,occupied_orbitals,virtual_orbitals,casci_energy_hartree,casci_method,occupation_sum,spin_square,multiplicity,natural_occupations,casci_status
WT_TMP,210,211,"195,206,207,211,215,217",0.9943707565612705,0.997730760595606,"195,206,207","211,215,217",-2587.2241512709884,DF-CASCI,6.0,6.894829200906304e-32,1.0,"2.000000,1.999999,1.003481,0.996519,0.000001,0.000000",pass
WT_4DTMP,206,207,"192,202,203,207,212,213",0.9133982017924447,0.9836499052442657,"192,202,203","207,212,213",-2548.645044504928,DF-CASCI,6.000000000000001,2.0122838282686985e-30,1.0,"2.000000,1.999997,1.003449,0.996549,0.000006,0.000000",pass
L28R_TMP,221,222,"207,214,215,225,226,229",0.7340009976576283,0.9518525922131502,"207,214,215","225,226,229",-2749.7527633605064,DF-CASCI,5.999999999999987,2.938735877055719e-39,1.0,"2.000000,1.999998,1.999988,0.000010,0.000002,0.000001",pass
L28R_4DTMP,217,218,"206,211,213,219,221,224",0.8663328540941988,0.9699578715806544,"206,211,213","219,221,224",-2711.4445823813003,DF-CASCI,5.999999999999999,1.9515042933573132e-40,1.0,"2.000000,2.000000,2.000000,0.000000,0.000000,0.000000",pass
