{
  "endpoint": "D",
  "estimate_hartree": -0.05504844252567412,
  "ci95_hartree": [
    -0.06942008649213428,
    -0.04092730883212994
  ],
  "system_means_hartree": {
    "WT_4DTMP": -0.14833452296738864,
    "WT_TMP": -0.15180872023222486,
    "L28R_4DTMP": -0.06652541387603603,
    "L28R_TMP": -0.014951168615198126
  },
  "bootstrap_samples": 10000,
  "seed": 2026
}
