{
  "params": {
    "d0": -0.0003262810634539933,
    "d1": -0.0001331111225162125,
    "d10": -2.5333370615543063e-05,
    "d11": -2.3728046669795582e-05,
    "d12": -1.2240818034952464e-06,
    "d13": -0.0001331111225162125,
    "d14": -0.00017056247308884568,
    "d15": -1.282842064332403e-05,
    "d16": -6.859133935926331e-07,
    "d17": -2.5256077014045887e-05,
    "d18": -9.293927734991923e-05,
    "d19": -8.323299062734958e-06,
    "d2": -5.569987459836163e-06,
    "d20": -3.394625939425835e-07,
    "d21": -2.8627310368038055e-06,
    "d22": -2.7235023906503715e-05,
    "d23": -1.934970228833826e-06,
    "d24": -5.569987459836163e-06,
    "d25": -1.282842064332403e-05,
    "d26": -1.4940034368828853e-06,
    "d27": -1.890428028999151e-06,
    "d28": -7.63738566914233e-06,
    "d29": -7.762264563913442e-07,
    "d3": -1.0965485181606528e-05,
    "d30": -6.716655433132677e-07,
    "d31": -1.595507634891243e-06,
    "d32": -1.9941362210959695e-07,
    "d33": -1.043969546515748e-05,
    "d34": -3.622156219565238e-05,
    "d35": -2.9766613518071994e-06,
    "d36": -1.0965485181606528e-05,
    "d37": -1.0862333228080455e-06,
    "d38": -2.5333370615543063e-05,
    "d39": -2.3728046669795582e-05,
    "d4": -1.0862333228080455e-06,
    "d40": -1.2240818034952464e-06,
    "d41": -2.0865315632991776e-05,
    "d42": -5.524162601819786e-07,
    "d43": -2.5256077014045887e-05,
    "d44": -9.293927734991923e-05,
    "d45": -8.323299062734958e-06,
    "d46": -6.859133935926331e-07,
    "d47": -2.8627310368038055e-06,
    "d48": -2.7235023906503715e-05,
    "d49": -1.934970228833826e-06,
    "d5": -1.043969546515748e-05,
    "d50": -3.394625939425835e-07,
    "d51": -1.890428028999151e-06,
    "d52": -7.63738566914233e-06,
    "d53": -7.762264563913442e-07,
    "d54": -6.716655433132677e-07,
    "d55": -1.595507634891243e-06,
    "d56": -1.9941362210959695e-07,
    "d57": -2.736104435228926e-05,
    "d58": -4.462893948159961e-05,
    "d59": -2.938457751463444e-06,
    "d6": -3.622156219565238e-05,
    "d60": -1.4676978705160495e-05,
    "d61": -9.417922491096461e-07,
    "d62": 1.3553481276546929e-06,
    "d63": -5.484859350789495e-06,
    "d64": -3.6381069053173604e-07,
    "d65": -4.462893948159961e-05,
    "d66": -0.00013695436220455975,
    "d67": -1.0900950387976644e-05,
    "d68": 5.382345294105894e-08,
    "d69": 9.192119354371002e-06,
    "d7": -2.9766613518071994e-06,
    "d70": -2.1904993387508248e-05,
    "d71": -1.6958960320451195e-06,
    "d72": -2.938457751463444e-06,
    "d73": -1.0900950387976646e-05,
    "d74": -9.859902897919616e-07,
    "d75": 5.779815585779103e-07,
    "d76": -1.7497194849861769e-06,
    "d77": -1.6625213464976282e-07,
    "d78": 1.3553481276546929e-06,
    "d79": -5.484859350789495e-06,
    "d8": -2.0865315632991776e-05,
    "d80": -3.6381069053173604e-07,
    "d81": -1.4676978705160495e-05,
    "d82": -9.417922491096461e-07,
    "d83": 9.192119354371002e-06,
    "d84": -2.1904993387508248e-05,
    "d85": -1.6958960320451195e-06,
    "d86": 5.382345294105894e-08,
    "d87": 5.779815585779103e-07,
    "d88": -1.7497194849861769e-06,
    "d89": -1.6625213464976282e-07,
    "d9": -5.524162601819786e-07,
    "d90": -1.9947221405177572e-05,
    "d91": 1.1181660768987523e-06,
    "d92": 2.243499994812275e-07,
    "d93": 1.1181660768987523e-06,
    "d94": -2.1296680185944956e-05,
    "d95": -1.5167821965209463e-06,
    "d96": 2.243499994812275e-07,
    "d97": -1.5167821965209463e-06,
    "d98": -1.7993290673491144e-07,
    "s0": 1.8515626471719034e-09,
    "s1": 1.8310106358862615e-09,
    "s10": 1.6027928543522907e-09,
    "s11": 9.097961044529098e-11,
    "s12": -1.5770053503870245e-09,
    "s13": -1.032040383388826e-09,
    "s14": -8.099348977101782e-11,
    "s15": -1.5770053518659527e-09,
    "s16": -1.0320403821675897e-09,
    "s17": -8.099348979622682e-11,
    "s2": 1.835697611785254e-10,
    "s3": 1.8515626434969912e-09,
    "s4": 1.8310106374324136e-09,
    "s5": 1.835697611785254e-10,
    "s6": 1.998111665457608e-09,
    "s7": 1.6027928515064744e-09,
    "s8": 9.097961045369399e-11,
    "s9": 1.99811166644356e-09
  }
}